Model,resampling_technique,y,Accuracy,weighted_score_9_rec,weighted_score_9_pr,f1_score_bad
SGDClassifier,None,y1,0.9455,0.9945,0.9509,0.9720
LogisticRegression,None,y1,0.9455,0.9945,0.9509,0.9720
RidgeClassifier,None,y1,0.9455,0.9945,0.9509,0.9720
RidgeClassifierCV,None,y1,0.9455,0.9945,0.9509,0.9720
LinearDiscriminantAnalysis,None,y1,0.9455,0.9945,0.9509,0.9720
SVC,None,y1,0.9455,0.9945,0.9509,0.9720
CalibratedClassifierCV,None,y1,0.9455,0.9945,0.9509,0.9720
AdaBoostClassifier,None,y1,0.9455,0.9945,0.9509,0.9720
BernoulliNB,None,y1,0.9455,0.9945,0.9509,0.9720
LinearSVC,None,y1,0.9455,0.9945,0.9509,0.9720
LGBMClassifier,None,y1,0.9450,0.9936,0.9512,0.9717
KNeighborsClassifier,None,y1,0.9439,0.9931,0.9507,0.9712
RandomForestClassifier,None,y1,0.9434,0.9926,0.9506,0.9709
XGBClassifier,None,y1,0.9429,0.9916,0.9509,0.9706
BaggingClassifier,None,y1,0.9429,0.9916,0.9509,0.9706
ExtraTreesClassifier,None,y1,0.9357,0.9839,0.9505,0.9667
PassiveAggressiveClassifier,None,y1,0.9120,0.9612,0.9468,0.9539
LabelSpreading,None,y1,0.9074,0.9532,0.9491,0.9512
LabelPropagation,None,y1,0.9069,0.9527,0.9490,0.9509
GaussianNB,None,y1,0.8945,0.9427,0.9456,0.9441
DecisionTreeClassifier,None,y1,0.8925,0.9407,0.9452,0.9430
DummyClassifier,None,y1,0.8915,0.9406,0.9443,0.9425
ExtraTreeClassifier,None,y1,0.8915,0.9380,0.9466,0.9423
Perceptron,None,y1,0.8801,0.9263,0.9456,0.9358
NearestCentroid,None,y1,0.5535,0.5972,0.9092,0.7027
QuadraticDiscriminantAnalysis,None,y1,0.4943,0.5383,0.9013,0.6483
CalibratedClassifierCV,over-samplig,y1,0.9455,0.9945,0.9509,0.9720
LinearSVC,over-samplig,y1,0.9455,0.9945,0.9509,0.9720
LGBMClassifier,over-samplig,y1,0.9414,0.9906,0.9503,0.9698
SGDClassifier,over-samplig,y1,0.9408,0.9901,0.9502,0.9695
LogisticRegression,over-samplig,y1,0.9398,0.9887,0.9504,0.9690
XGBClassifier,over-samplig,y1,0.9388,0.9877,0.9502,0.9684
LinearDiscriminantAnalysis,over-samplig,y1,0.9383,0.9872,0.9502,0.9681
RidgeClassifier,over-samplig,y1,0.9378,0.9867,0.9501,0.9679
RidgeClassifierCV,over-samplig,y1,0.9367,0.9857,0.9499,0.9673
RandomForestClassifier,over-samplig,y1,0.9239,0.9712,0.9498,0.9603
BaggingClassifier,over-samplig,y1,0.9151,0.9646,0.9469,0.9556
ExtraTreesClassifier,over-samplig,y1,0.9136,0.9605,0.9489,0.9546
SVC,over-samplig,y1,0.9064,0.9553,0.9463,0.9508
NuSVC,over-samplig,y1,0.8935,0.9421,0.9450,0.9436
KNeighborsClassifier,over-samplig,y1,0.8704,0.9156,0.9453,0.9301
LabelPropagation,over-samplig,y1,0.8652,0.9111,0.9441,0.9271
LabelSpreading,over-samplig,y1,0.8647,0.9106,0.9440,0.9268
DecisionTreeClassifier,over-samplig,y1,0.8601,0.9075,0.9421,0.9243
ExtraTreeClassifier,over-samplig,y1,0.8467,0.8951,0.9395,0.9165
QuadraticDiscriminantAnalysis,over-samplig,y1,0.8436,0.8908,0.9403,0.9145
PassiveAggressiveClassifier,over-samplig,y1,0.8323,0.8800,0.9384,0.9078
Perceptron,over-samplig,y1,0.8169,0.8595,0.9416,0.8976
AdaBoostClassifier,over-samplig,y1,0.7860,0.8317,0.9348,0.8786
BernoulliNB,over-samplig,y1,0.6852,0.7299,0.9239,0.8091
NearestCentroid,over-samplig,y1,0.6677,0.7110,0.9236,0.7957
DummyClassifier,over-samplig,y1,0.4923,0.5383,0.8970,0.6476
GaussianNB,over-samplig,y1,0.4594,0.5003,0.9035,0.6115
QuadraticDiscriminantAnalysis,under-sampling,y1,0.6127,0.6553,0.9181,0.7524
SVC,under-sampling,y1,0.6029,0.6442,0.9189,0.7439
PassiveAggressiveClassifier,under-sampling,y1,0.5916,0.6371,0.9111,0.7362
BaggingClassifier,under-sampling,y1,0.5838,0.6280,0.9123,0.7292
DecisionTreeClassifier,under-sampling,y1,0.5669,0.6088,0.9138,0.7136
LabelSpreading,under-sampling,y1,0.5576,0.6053,0.9033,0.7083
LabelPropagation,under-sampling,y1,0.5571,0.6044,0.9038,0.7076
LinearDiscriminantAnalysis,under-sampling,y1,0.5473,0.5848,0.9196,0.6940
LogisticRegression,under-sampling,y1,0.5463,0.5830,0.9209,0.6927
RidgeClassifierCV,under-sampling,y1,0.5463,0.5830,0.9209,0.6927
RidgeClassifier,under-sampling,y1,0.5448,0.5824,0.9192,0.6917
LinearSVC,under-sampling,y1,0.5406,0.5780,0.9192,0.6879
XGBClassifier,under-sampling,y1,0.5314,0.5747,0.9071,0.6827
BernoulliNB,under-sampling,y1,0.5273,0.5664,0.9146,0.6765
RandomForestClassifier,under-sampling,y1,0.5226,0.5651,0.9077,0.6742
ExtraTreeClassifier,under-sampling,y1,0.5216,0.5645,0.9067,0.6735
NearestCentroid,under-sampling,y1,0.5273,0.5636,0.9201,0.6749
NuSVC,under-sampling,y1,0.5123,0.5609,0.8953,0.6681
LGBMClassifier,under-sampling,y1,0.5134,0.5598,0.8992,0.6678
AdaBoostClassifier,under-sampling,y1,0.5149,0.5573,0.9069,0.6669
Perceptron,under-sampling,y1,0.5123,0.5532,0.9095,0.6636
KNeighborsClassifier,under-sampling,y1,0.5031,0.5519,0.8933,0.6596
ExtraTreesClassifier,under-sampling,y1,0.4995,0.5433,0.9024,0.6531
DummyClassifier,under-sampling,y1,0.4923,0.5383,0.8970,0.6476
CalibratedClassifierCV,under-sampling,y1,0.4702,0.5245,0.8776,0.6316
SGDClassifier,under-sampling,y1,0.4588,0.5049,0.8922,0.6147
GaussianNB,under-sampling,y1,0.3225,0.3607,0.9002,0.4501
LinearSVC,over-under-sampling,y1,0.9455,0.9945,0.9509,0.9720
SGDClassifier,over-under-sampling,y1,0.9450,0.9941,0.9508,0.9717
CalibratedClassifierCV,over-under-sampling,y1,0.9424,0.9916,0.9504,0.9703
LogisticRegression,over-under-sampling,y1,0.9321,0.9813,0.9492,0.9648
QuadraticDiscriminantAnalysis,over-under-sampling,y1,0.9295,0.9784,0.9492,0.9634
LGBMClassifier,over-under-sampling,y1,0.9264,0.9754,0.9487,0.9618
LinearDiscriminantAnalysis,over-under-sampling,y1,0.9110,0.9593,0.9474,0.9533
XGBClassifier,over-under-sampling,y1,0.9110,0.9589,0.9478,0.9533
RidgeClassifier,over-under-sampling,y1,0.9105,0.9588,0.9473,0.9530
RidgeClassifierCV,over-under-sampling,y1,0.9100,0.9583,0.9472,0.9527
SVC,over-under-sampling,y1,0.8889,0.9377,0.9443,0.9410
RandomForestClassifier,over-under-sampling,y1,0.8848,0.9307,0.9464,0.9384
ExtraTreesClassifier,over-under-sampling,y1,0.8668,0.9121,0.9448,0.9280
NuSVC,over-under-sampling,y1,0.8601,0.9070,0.9425,0.9242
BaggingClassifier,over-under-sampling,y1,0.8498,0.8985,0.9396,0.9183
PassiveAggressiveClassifier,over-under-sampling,y1,0.8323,0.8796,0.9389,0.9077
Perceptron,over-under-sampling,y1,0.8287,0.8744,0.9400,0.9053
LabelSpreading,over-under-sampling,y1,0.8128,0.8586,0.9379,0.8955
LabelPropagation,over-under-sampling,y1,0.8128,0.8586,0.9379,0.8955
KNeighborsClassifier,over-under-sampling,y1,0.7906,0.8366,0.9351,0.8816
DecisionTreeClassifier,over-under-sampling,y1,0.7886,0.8350,0.9344,0.8803
ExtraTreeClassifier,over-under-sampling,y1,0.7834,0.8314,0.9322,0.8773
NearestCentroid,over-under-sampling,y1,0.6929,0.7416,0.9200,0.8158
AdaBoostClassifier,over-under-sampling,y1,0.6857,0.7317,0.9223,0.8098
BernoulliNB,over-under-sampling,y1,0.6224,0.6692,0.9132,0.7618
GaussianNB,over-under-sampling,y1,0.4645,0.5053,0.9045,0.6166
DummyClassifier,over-under-sampling,y1,0.4254,0.4699,0.8908,0.5786
NearestCentroid,None,y2,0.5144,0.5221,0.2901,0.3543
PassiveAggressiveClassifier,None,y2,0.5880,0.3210,0.2506,0.2790
Perceptron,None,y2,0.5658,0.3195,0.2369,0.2686
LabelPropagation,None,y2,0.6265,0.2761,0.2555,0.2652
LabelSpreading,None,y2,0.6271,0.2722,0.2538,0.2625
DecisionTreeClassifier,None,y2,0.6235,0.2597,0.2441,0.2515
ExtraTreeClassifier,None,y2,0.6224,0.2596,0.2432,0.2510
DummyClassifier,None,y2,0.6363,0.2590,0.2542,0.2566
GaussianNB,None,y2,0.6384,0.2003,0.2195,0.2092
BaggingClassifier,None,y2,0.6811,0.1728,0.2443,0.1990
ExtraTreesClassifier,None,y2,0.7197,0.1478,0.2917,0.1829
QuadraticDiscriminantAnalysis,None,y2,0.7459,0.1319,0.3702,0.1627
SGDClassifier,None,y2,0.7613,0.1015,0.5224,0.0902
LinearDiscriminantAnalysis,None,y2,0.7613,0.1009,0.7890,0.0293
LogisticRegression,None,y2,0.7613,0.1009,0.7890,0.0293
RidgeClassifier,None,y2,0.7608,0.0972,0.7727,0.0252
RidgeClassifierCV,None,y2,0.7608,0.0972,0.7727,0.0252
CalibratedClassifierCV,None,y2,0.7608,0.0972,0.7727,0.0252
LinearSVC,None,y2,0.7608,0.0972,0.7727,0.0252
KNeighborsClassifier,None,y2,0.7063,0.0920,0.1982,0.1147
XGBClassifier,None,y2,0.7356,0.0769,0.2493,0.0919
RandomForestClassifier,None,y2,0.7387,0.0614,0.2290,0.0696
LGBMClassifier,None,y2,0.7562,0.0553,0.3617,0.0327
SVC,None,y2,0.7582,0.0519,0.4502,0.0042
BernoulliNB,None,y2,0.7562,0.0357,0.2706,0.0125
AdaBoostClassifier,None,y2,0.7577,0.0000,0.0000,0.0000
GaussianNB,over-samplig,y2,0.4177,0.6334,0.2882,0.3597
DummyClassifier,over-samplig,y2,0.5170,0.4986,0.2834,0.3447
NearestCentroid,over-samplig,y2,0.5715,0.4112,0.2792,0.3255
BernoulliNB,over-samplig,y2,0.5607,0.3927,0.2659,0.3102
Perceptron,over-samplig,y2,0.5633,0.3750,0.2600,0.3012
PassiveAggressiveClassifier,over-samplig,y2,0.6116,0.3488,0.2792,0.3080
AdaBoostClassifier,over-samplig,y2,0.6013,0.3280,0.2626,0.2896
LabelSpreading,over-samplig,y2,0.5952,0.3155,0.2526,0.2786
LabelPropagation,over-samplig,y2,0.5926,0.3153,0.2509,0.2774
ExtraTreeClassifier,over-samplig,y2,0.5849,0.3108,0.2438,0.2710
KNeighborsClassifier,over-samplig,y2,0.6199,0.2976,0.2613,0.2776
DecisionTreeClassifier,over-samplig,y2,0.6091,0.2585,0.2327,0.2445
BaggingClassifier,over-samplig,y2,0.6456,0.2458,0.2550,0.2503
ExtraTreesClassifier,over-samplig,y2,0.6600,0.2089,0.2460,0.2251
RandomForestClassifier,over-samplig,y2,0.6831,0.1731,0.2474,0.2000
SGDClassifier,over-samplig,y2,0.6795,0.1390,0.2126,0.1638
NuSVC,over-samplig,y2,0.7238,0.1278,0.2824,0.1596
XGBClassifier,over-samplig,y2,0.7217,0.1228,0.2714,0.1534
LinearSVC,over-samplig,y2,0.7613,0.1115,0.9013,0.0252
QuadraticDiscriminantAnalysis,over-samplig,y2,0.7521,0.1076,0.3897,0.1236
LogisticRegression,over-samplig,y2,0.7608,0.0972,0.7727,0.0252
CalibratedClassifierCV,over-samplig,y2,0.7603,0.0816,0.5646,0.0412
LinearDiscriminantAnalysis,over-samplig,y2,0.7598,0.0770,0.5742,0.0291
RidgeClassifier,over-samplig,y2,0.7598,0.0770,0.5742,0.0291
RidgeClassifierCV,over-samplig,y2,0.7598,0.0770,0.5742,0.0291
SVC,over-samplig,y2,0.7562,0.0706,0.3967,0.0558
LGBMClassifier,over-samplig,y2,0.7464,0.0650,0.2784,0.0681
BaggingClassifier,under-sampling,y2,0.4614,0.5882,0.2897,0.3596
RandomForestClassifier,under-sampling,y2,0.4825,0.5245,0.2776,0.3416
ExtraTreesClassifier,under-sampling,y2,0.4907,0.5209,0.2797,0.3435
LGBMClassifier,under-sampling,y2,0.5159,0.5143,0.2882,0.3515
LabelPropagation,under-sampling,y2,0.4928,0.5112,0.2773,0.3400
XGBClassifier,under-sampling,y2,0.5185,0.5085,0.2874,0.3500
LabelSpreading,under-sampling,y2,0.4923,0.5072,0.2758,0.3380
DummyClassifier,under-sampling,y2,0.5170,0.4986,0.2834,0.3447
NearestCentroid,under-sampling,y2,0.5046,0.4960,0.2771,0.3381
PassiveAggressiveClassifier,under-sampling,y2,0.4959,0.4917,0.2720,0.3324
SGDClassifier,under-sampling,y2,0.4923,0.4876,0.2691,0.3290
Perceptron,under-sampling,y2,0.5350,0.4780,0.2846,0.3430
LinearSVC,under-sampling,y2,0.5283,0.4776,0.2813,0.3398
BernoulliNB,under-sampling,y2,0.5067,0.4765,0.2712,0.3298
LogisticRegression,under-sampling,y2,0.5247,0.4754,0.2789,0.3372
NuSVC,under-sampling,y2,0.5448,0.4746,0.2883,0.3459
RidgeClassifier,under-sampling,y2,0.5242,0.4734,0.2780,0.3360
RidgeClassifierCV,under-sampling,y2,0.5231,0.4734,0.2775,0.3355
DecisionTreeClassifier,under-sampling,y2,0.4990,0.4722,0.2665,0.3245
LinearDiscriminantAnalysis,under-sampling,y2,0.5231,0.4714,0.2768,0.3345
CalibratedClassifierCV,under-sampling,y2,0.5221,0.4714,0.2763,0.3341
KNeighborsClassifier,under-sampling,y2,0.5026,0.4645,0.2652,0.3224
ExtraTreeClassifier,under-sampling,y2,0.5005,0.4644,0.2643,0.3215
AdaBoostClassifier,under-sampling,y2,0.5231,0.4557,0.2711,0.3268
SVC,under-sampling,y2,0.5520,0.4415,0.2801,0.3326
QuadraticDiscriminantAnalysis,under-sampling,y2,0.5818,0.3881,0.2761,0.3174
GaussianNB,under-sampling,y2,0.5586,0.3727,0.2565,0.2979
BernoulliNB,over-under-sampling,y2,0.3940,0.7029,0.3003,0.3754
AdaBoostClassifier,over-under-sampling,y2,0.4090,0.6917,0.3018,0.3772
DummyClassifier,over-under-sampling,y2,0.4053,0.6134,0.2784,0.3476
GaussianNB,over-under-sampling,y2,0.4542,0.6094,0.2935,0.3651
NearestCentroid,over-under-sampling,y2,0.4491,0.5955,0.2875,0.3575
KNeighborsClassifier,over-under-sampling,y2,0.4943,0.5485,0.2901,0.3571
RandomForestClassifier,over-under-sampling,y2,0.4943,0.5250,0.2825,0.3468
LabelSpreading,over-under-sampling,y2,0.5103,0.4944,0.2790,0.3398
ExtraTreesClassifier,over-under-sampling,y2,0.5103,0.4924,0.2783,0.3389
LabelPropagation,over-under-sampling,y2,0.5093,0.4923,0.2778,0.3384
RidgeClassifierCV,over-under-sampling,y2,0.5283,0.4638,0.2765,0.3331
SVC,over-under-sampling,y2,0.5576,0.4635,0.2911,0.3465
RidgeClassifier,over-under-sampling,y2,0.5324,0.4621,0.2778,0.3341
BaggingClassifier,over-under-sampling,y2,0.5252,0.4617,0.2743,0.3307
NuSVC,over-under-sampling,y2,0.5633,0.4541,0.2907,0.3444
ExtraTreeClassifier,over-under-sampling,y2,0.5195,0.4417,0.2644,0.3182
DecisionTreeClassifier,over-under-sampling,y2,0.5360,0.4327,0.2687,0.3208
Perceptron,over-under-sampling,y2,0.5298,0.4304,0.2649,0.3169
PassiveAggressiveClassifier,over-under-sampling,y2,0.5396,0.4270,0.2683,0.3194
SGDClassifier,over-under-sampling,y2,0.5293,0.4205,0.2609,0.3115
LinearDiscriminantAnalysis,over-under-sampling,y2,0.5520,0.4198,0.2719,0.3211
LGBMClassifier,over-under-sampling,y2,0.5674,0.3812,0.2649,0.3067
XGBClassifier,over-under-sampling,y2,0.5818,0.3683,0.2679,0.3057
LinearSVC,over-under-sampling,y2,0.6101,0.3625,0.2841,0.3159
LogisticRegression,over-under-sampling,y2,0.5947,0.3593,0.2722,0.3063
CalibratedClassifierCV,over-under-sampling,y2,0.6569,0.2431,0.2645,0.2531
QuadraticDiscriminantAnalysis,over-under-sampling,y2,0.7572,0.0879,0.4340,0.0817
NearestCentroid,None,y3,0.5664,0.4351,0.0939,0.0926
QuadraticDiscriminantAnalysis,None,y3,0.8771,0.2626,0.1408,0.1730
SGDClassifier,None,y3,0.9594,0.2123,0.8441,0.2330
LinearDiscriminantAnalysis,None,y3,0.9594,0.2123,0.8441,0.2330
Perceptron,None,y3,0.8745,0.1895,0.1053,0.1286
LabelSpreading,None,y3,0.9053,0.1833,0.1384,0.1560
LabelPropagation,None,y3,0.9048,0.1832,0.1375,0.1553
DecisionTreeClassifier,None,y3,0.9084,0.1733,0.1378,0.1524
XGBClassifier,None,y3,0.9568,0.1575,0.7953,0.1429
LGBMClassifier,None,y3,0.9563,0.1500,0.9056,0.1053
BaggingClassifier,None,y3,0.9532,0.1476,0.4397,0.1802
LogisticRegression,None,y3,0.9563,0.1457,0.7781,0.1237
RidgeClassifier,None,y3,0.9563,0.1457,0.7781,0.1237
RidgeClassifierCV,None,y3,0.9563,0.1457,0.7781,0.1237
CalibratedClassifierCV,None,y3,0.9563,0.1457,0.7781,0.1237
LinearSVC,None,y3,0.9563,0.1457,0.7781,0.1237
GaussianNB,None,y3,0.8657,0.1262,0.0687,0.0842
ExtraTreesClassifier,None,y3,0.9491,0.1004,0.2817,0.1239
ExtraTreeClassifier,None,y3,0.9012,0.0868,0.0699,0.0769
RandomForestClassifier,None,y3,0.9532,0.0729,0.3890,0.0619
PassiveAggressiveClassifier,None,y3,0.9162,0.0671,0.0702,0.0686
DummyClassifier,None,y3,0.9110,0.0223,0.0229,0.0226
SVC,None,y3,0.9537,0.0000,0.0000,0.0000
AdaBoostClassifier,None,y3,0.9537,0.0000,0.0000,0.0000
KNeighborsClassifier,None,y3,0.9532,0.0000,0.0000,0.0000
BernoulliNB,None,y3,0.9532,0.0000,0.0000,0.0000
GaussianNB,over-samplig,y3,0.4331,0.5448,0.1034,0.0893
DummyClassifier,over-samplig,y3,0.5057,0.4648,0.0941,0.0874
QuadraticDiscriminantAnalysis,over-samplig,y3,0.6265,0.4461,0.1036,0.1081
NearestCentroid,over-samplig,y3,0.7227,0.2245,0.0646,0.0755
BernoulliNB,over-samplig,y3,0.7366,0.2043,0.0612,0.0725
AdaBoostClassifier,over-samplig,y3,0.8225,0.1965,0.0795,0.0992
DecisionTreeClassifier,over-samplig,y3,0.9033,0.1829,0.1348,0.1532
BaggingClassifier,over-samplig,y3,0.9295,0.1695,0.1920,0.1796
LabelPropagation,over-samplig,y3,0.8678,0.1576,0.0852,0.1045
LabelSpreading,over-samplig,y3,0.8678,0.1576,0.0852,0.1045
XGBClassifier,over-samplig,y3,0.9496,0.1467,0.3422,0.1833
LinearSVC,over-samplig,y3,0.9563,0.1457,0.7781,0.1237
Perceptron,over-samplig,y3,0.9300,0.1371,0.1676,0.1500
SGDClassifier,over-samplig,y3,0.9383,0.1200,0.1911,0.1429
PassiveAggressiveClassifier,over-samplig,y3,0.8940,0.1180,0.0840,0.0965
CalibratedClassifierCV,over-samplig,y3,0.9439,0.1143,0.2289,0.1417
ExtraTreeClassifier,over-samplig,y3,0.8940,0.1074,0.0773,0.0885
RandomForestClassifier,over-samplig,y3,0.9429,0.1016,0.2035,0.1260
KNeighborsClassifier,over-samplig,y3,0.9079,0.0984,0.0857,0.0914
LogisticRegression,over-samplig,y3,0.9480,0.0980,0.2598,0.1217
ExtraTreesClassifier,over-samplig,y3,0.9388,0.0978,0.1689,0.1185
LGBMClassifier,over-samplig,y3,0.9506,0.0933,0.3067,0.1111
NuSVC,over-samplig,y3,0.9290,0.0471,0.0687,0.0548
SVC,over-samplig,y3,0.9414,0.0138,0.0357,0.0172
LinearDiscriminantAnalysis,over-samplig,y3,0.9444,0.0000,0.0000,0.0000
RidgeClassifier,over-samplig,y3,0.9444,0.0000,0.0000,0.0000
RidgeClassifierCV,over-samplig,y3,0.9444,0.0000,0.0000,0.0000
SVC,under-sampling,y3,0.4887,0.5857,0.1156,0.1045
BaggingClassifier,under-sampling,y3,0.4522,0.5752,0.1104,0.0967
DecisionTreeClassifier,under-sampling,y3,0.5386,0.5661,0.1171,0.1110
ExtraTreesClassifier,under-sampling,y3,0.5334,0.5660,0.1165,0.1099
XGBClassifier,under-sampling,y3,0.5391,0.5560,0.1152,0.1093
LabelSpreading,under-sampling,y3,0.4763,0.5553,0.1088,0.0975
LabelPropagation,under-sampling,y3,0.4763,0.5553,0.1088,0.0975
CalibratedClassifierCV,under-sampling,y3,0.5406,0.5459,0.1133,0.1079
SGDClassifier,under-sampling,y3,0.4619,0.5350,0.1038,0.0920
RidgeClassifier,under-sampling,y3,0.5504,0.5259,0.1105,0.1063
LinearDiscriminantAnalysis,under-sampling,y3,0.5504,0.5259,0.1105,0.1063
LinearSVC,under-sampling,y3,0.5499,0.5258,0.1104,0.1062
LogisticRegression,under-sampling,y3,0.5484,0.5258,0.1102,0.1059
RidgeClassifierCV,under-sampling,y3,0.5458,0.5258,0.1100,0.1054
NearestCentroid,under-sampling,y3,0.5340,0.5257,0.1086,0.1030
ExtraTreeClassifier,under-sampling,y3,0.5293,0.5256,0.1082,0.1021
BernoulliNB,under-sampling,y3,0.5288,0.5256,0.1081,0.1020
LGBMClassifier,under-sampling,y3,0.5252,0.5255,0.1077,0.1013
AdaBoostClassifier,under-sampling,y3,0.5165,0.5255,0.1068,0.0996
PassiveAggressiveClassifier,under-sampling,y3,0.4311,0.5146,0.0977,0.0844
RandomForestClassifier,under-sampling,y3,0.5345,0.5055,0.1047,0.0995
NuSVC,under-sampling,y3,0.5211,0.4952,0.1014,0.0952
DummyClassifier,under-sampling,y3,0.5057,0.4648,0.0941,0.0874
Perceptron,under-sampling,y3,0.4676,0.4543,0.0891,0.0800
KNeighborsClassifier,under-sampling,y3,0.5257,0.4448,0.0919,0.0871
QuadraticDiscriminantAnalysis,under-sampling,y3,0.7675,0.3581,0.1118,0.1341
GaussianNB,under-sampling,y3,0.9203,0.0789,0.0875,0.0828
GaussianNB,over-under-sampling,y3,0.4290,0.5549,0.1049,0.0902
DummyClassifier,over-under-sampling,y3,0.4403,0.4844,0.0928,0.0811
BernoulliNB,over-under-sampling,y3,0.6919,0.3053,0.0808,0.0910
AdaBoostClassifier,over-under-sampling,y3,0.7464,0.2759,0.0832,0.0987
LabelPropagation,over-under-sampling,y3,0.8158,0.2476,0.0950,0.1182
LabelSpreading,over-under-sampling,y3,0.8153,0.2476,0.0948,0.1179
PassiveAggressiveClassifier,over-under-sampling,y3,0.8261,0.2378,0.0960,0.1198
DecisionTreeClassifier,over-under-sampling,y3,0.8591,0.2296,0.1113,0.1384
NearestCentroid,over-under-sampling,y3,0.7305,0.2144,0.0630,0.0742
QuadraticDiscriminantAnalysis,over-under-sampling,y3,0.9568,0.2125,0.5792,0.2632
ExtraTreeClassifier,over-under-sampling,y3,0.8488,0.1979,0.0918,0.1145
BaggingClassifier,over-under-sampling,y3,0.8899,0.1703,0.1101,0.1301
ExtraTreesClassifier,over-under-sampling,y3,0.9151,0.1643,0.1452,0.1538
XGBClassifier,over-under-sampling,y3,0.9352,0.1510,0.2032,0.1711
SGDClassifier,over-under-sampling,y3,0.9563,0.1478,0.7078,0.1414
KNeighborsClassifier,over-under-sampling,y3,0.8642,0.1469,0.0779,0.0959
LinearSVC,over-under-sampling,y3,0.9563,0.1457,0.7781,0.1237
CalibratedClassifierCV,over-under-sampling,y3,0.9434,0.1137,0.2232,0.1406
LogisticRegression,over-under-sampling,y3,0.9439,0.1029,0.2146,0.1280
RandomForestClassifier,over-under-sampling,y3,0.9239,0.1018,0.1166,0.1084
LGBMClassifier,over-under-sampling,y3,0.9398,0.0986,0.1763,0.1203
Perceptron,over-under-sampling,y3,0.9213,0.0791,0.0896,0.0838
NuSVC,over-under-sampling,y3,0.9244,0.0575,0.0727,0.0637
SVC,over-under-sampling,y3,0.9239,0.0574,0.0717,0.0633
LinearDiscriminantAnalysis,over-under-sampling,y3,0.9398,0.0265,0.0603,0.0331
RidgeClassifier,over-under-sampling,y3,0.9398,0.0265,0.0603,0.0331
RidgeClassifierCV,over-under-sampling,y3,0.9398,0.0265,0.0603,0.0331
QuadraticDiscriminantAnalysis,None,y4,0.4079,0.6305,0.0929,0.0495
NearestCentroid,None,y4,0.6250,0.4424,0.0748,0.0545
GaussianNB,None,y4,0.8822,0.2142,0.0669,0.0803
XGBClassifier,None,y4,0.9789,0.1378,0.6820,0.1277
DecisionTreeClassifier,None,y4,0.9542,0.1359,0.1071,0.1188
LabelSpreading,None,y4,0.9383,0.1323,0.0746,0.0909
LabelPropagation,None,y4,0.9378,0.1322,0.0740,0.0902
LinearDiscriminantAnalysis,None,y4,0.9763,0.1201,0.3366,0.1481
Perceptron,None,y4,0.9306,0.1096,0.0557,0.0690
LGBMClassifier,None,y4,0.9784,0.1085,0.6047,0.0870
BaggingClassifier,None,y4,0.9769,0.1003,0.3445,0.1176
SGDClassifier,None,y4,0.9779,0.0709,0.4523,0.0444
ExtraTreesClassifier,None,y4,0.9727,0.0293,0.0773,0.0364
ExtraTreeClassifier,None,y4,0.9542,0.0230,0.0211,0.0220
PassiveAggressiveClassifier,None,y4,0.9270,0.0219,0.0112,0.0139
RidgeClassifier,None,y4,0.9779,0.0000,0.0000,0.0000
AdaBoostClassifier,None,y4,0.9779,0.0000,0.0000,0.0000
KNeighborsClassifier,None,y4,0.9779,0.0000,0.0000,0.0000
CalibratedClassifierCV,None,y4,0.9779,0.0000,0.0000,0.0000
BernoulliNB,None,y4,0.9774,0.0000,0.0000,0.0000
LinearSVC,None,y4,0.9774,0.0000,0.0000,0.0000
LogisticRegression,None,y4,0.9769,0.0000,0.0000,0.0000
RandomForestClassifier,None,y4,0.9769,0.0000,0.0000,0.0000
RidgeClassifierCV,None,y4,0.9779,0.0000,0.0000,0.0000
DummyClassifier,None,y4,0.9547,0.0000,0.0000,0.0000
SVC,None,y4,0.9779,0.0000,0.0000,0.0000
DummyClassifier,over-samplig,y4,0.5062,0.4838,0.0750,0.0457
GaussianNB,over-samplig,y4,0.4208,0.4204,0.0625,0.0343
NearestCentroid,over-samplig,y4,0.7562,0.1904,0.0390,0.0366
AdaBoostClassifier,over-samplig,y4,0.8853,0.1715,0.0553,0.0669
BernoulliNB,over-samplig,y4,0.7695,0.1693,0.0357,0.0345
QuadraticDiscriminantAnalysis,over-samplig,y4,0.9563,0.1367,0.1140,0.1237
LabelSpreading,over-samplig,y4,0.9053,0.1295,0.0492,0.0612
LabelPropagation,over-samplig,y4,0.9043,0.1295,0.0488,0.0606
BaggingClassifier,over-samplig,y4,0.9640,0.1182,0.1332,0.1250
PassiveAggressiveClassifier,over-samplig,y4,0.9285,0.1094,0.0541,0.0671
XGBClassifier,over-samplig,y4,0.9733,0.0828,0.1870,0.1034
RandomForestClassifier,over-samplig,y4,0.9727,0.0815,0.1757,0.1017
ExtraTreeClassifier,over-samplig,y4,0.9393,0.0665,0.0403,0.0484
LGBMClassifier,over-samplig,y4,0.9722,0.0552,0.1247,0.0690
ExtraTreesClassifier,over-samplig,y4,0.9697,0.0519,0.0947,0.0635
Perceptron,over-samplig,y4,0.9480,0.0451,0.0337,0.0381
DecisionTreeClassifier,over-samplig,y4,0.9357,0.0442,0.0256,0.0310
CalibratedClassifierCV,over-samplig,y4,0.9660,0.0249,0.0383,0.0294
NuSVC,over-samplig,y4,0.9357,0.0221,0.0130,0.0157
RidgeClassifierCV,over-samplig,y4,0.9712,0.0000,0.0000,0.0000
LogisticRegression,over-samplig,y4,0.9702,0.0000,0.0000,0.0000
SGDClassifier,over-samplig,y4,0.9686,0.0000,0.0000,0.0000
SVC,over-samplig,y4,0.9645,0.0000,0.0000,0.0000
RidgeClassifier,over-samplig,y4,0.9712,0.0000,0.0000,0.0000
KNeighborsClassifier,over-samplig,y4,0.9496,0.0000,0.0000,0.0000
LinearSVC,over-samplig,y4,0.9779,0.0000,0.0000,0.0000
LinearDiscriminantAnalysis,over-samplig,y4,0.9712,0.0000,0.0000,0.0000
QuadraticDiscriminantAnalysis,under-sampling,y4,0.2752,0.6930,0.0975,0.0447
SGDClassifier,under-sampling,y4,0.5118,0.5469,0.0849,0.0519
BernoulliNB,under-sampling,y4,0.6029,0.5265,0.0870,0.0608
NearestCentroid,under-sampling,y4,0.5869,0.5263,0.0859,0.0586
BaggingClassifier,under-sampling,y4,0.4079,0.5254,0.0776,0.0416
RidgeClassifierCV,under-sampling,y4,0.5993,0.5054,0.0834,0.0580
LogisticRegression,under-sampling,y4,0.5972,0.5054,0.0832,0.0578
RandomForestClassifier,under-sampling,y4,0.5242,0.5049,0.0790,0.0493
ExtraTreesClassifier,under-sampling,y4,0.4990,0.5048,0.0779,0.0470
LinearDiscriminantAnalysis,under-sampling,y4,0.6049,0.4844,0.0803,0.0565
RidgeClassifier,under-sampling,y4,0.6044,0.4844,0.0803,0.0564
XGBClassifier,under-sampling,y4,0.5154,0.4838,0.0754,0.0466
DummyClassifier,under-sampling,y4,0.5062,0.4838,0.0750,0.0457
LabelSpreading,under-sampling,y4,0.4372,0.4835,0.0724,0.0404
LabelPropagation,under-sampling,y4,0.4362,0.4835,0.0723,0.0403
ExtraTreeClassifier,under-sampling,y4,0.5231,0.4628,0.0725,0.0453
LinearSVC,under-sampling,y4,0.6044,0.4423,0.0734,0.0518
SVC,under-sampling,y4,0.5664,0.4420,0.0713,0.0475
AdaBoostClassifier,under-sampling,y4,0.5633,0.4420,0.0711,0.0471
CalibratedClassifierCV,under-sampling,y4,0.6852,0.4219,0.0761,0.0613
PassiveAggressiveClassifier,under-sampling,y4,0.5514,0.4209,0.0672,0.0439
LGBMClassifier,under-sampling,y4,0.5340,0.4208,0.0664,0.0423
NuSVC,under-sampling,y4,0.5298,0.4208,0.0663,0.0419
GaussianNB,under-sampling,y4,0.6980,0.4009,0.0736,0.0608
DecisionTreeClassifier,under-sampling,y4,0.5381,0.3998,0.0633,0.0406
KNeighborsClassifier,under-sampling,y4,0.5653,0.3578,0.0578,0.0387
Perceptron,under-sampling,y4,0.5545,0.3368,0.0541,0.0356
DummyClassifier,over-under-sampling,y4,0.4619,0.4626,0.0701,0.0404
GaussianNB,over-under-sampling,y4,0.4110,0.4414,0.0654,0.0354
LabelSpreading,over-under-sampling,y4,0.8765,0.1926,0.0586,0.0698
LabelPropagation,over-under-sampling,y4,0.8765,0.1926,0.0586,0.0698
NearestCentroid,over-under-sampling,y4,0.7577,0.1904,0.0391,0.0368
BernoulliNB,over-under-sampling,y4,0.7490,0.1903,0.0384,0.0356
AdaBoostClassifier,over-under-sampling,y4,0.8673,0.1496,0.0438,0.0515
BaggingClassifier,over-under-sampling,y4,0.9558,0.1365,0.1121,0.1224
DecisionTreeClassifier,over-under-sampling,y4,0.9270,0.1092,0.0529,0.0658
QuadraticDiscriminantAnalysis,over-under-sampling,y4,0.9619,0.0940,0.1016,0.0976
LGBMClassifier,over-under-sampling,y4,0.9681,0.0748,0.1150,0.0882
RandomForestClassifier,over-under-sampling,y4,0.9660,0.0731,0.1001,0.0833
Perceptron,over-under-sampling,y4,0.9655,0.0728,0.0970,0.0822
ExtraTreesClassifier,over-under-sampling,y4,0.9568,0.0692,0.0644,0.0667
KNeighborsClassifier,over-under-sampling,y4,0.9331,0.0660,0.0360,0.0441
ExtraTreeClassifier,over-under-sampling,y4,0.9126,0.0650,0.0273,0.0341
XGBClassifier,over-under-sampling,y4,0.9712,0.0536,0.1105,0.0667
SGDClassifier,over-under-sampling,y4,0.9347,0.0441,0.0251,0.0305
NuSVC,over-under-sampling,y4,0.9239,0.0437,0.0212,0.0263
CalibratedClassifierCV,over-under-sampling,y4,0.9645,0.0245,0.0345,0.0282
LinearSVC,over-under-sampling,y4,0.9753,0.0000,0.0000,0.0000
RidgeClassifier,over-under-sampling,y4,0.9630,0.0000,0.0000,0.0000
RidgeClassifierCV,over-under-sampling,y4,0.9630,0.0000,0.0000,0.0000
SVC,over-under-sampling,y4,0.9630,0.0000,0.0000,0.0000
LinearDiscriminantAnalysis,over-under-sampling,y4,0.9630,0.0000,0.0000,0.0000
PassiveAggressiveClassifier,over-under-sampling,y4,0.9388,0.0000,0.0000,0.0000
LogisticRegression,over-under-sampling,y4,0.9660,0.0000,0.0000,0.0000
GaussianNB,None,y5,0.0864,0.7891,0.1015,0.0306
QuadraticDiscriminantAnalysis,None,y5,0.3313,0.4794,0.0649,0.0255
NearestCentroid,None,y5,0.6698,0.3394,0.0545,0.0360
Perceptron,None,y5,0.9743,0.1585,0.1763,0.1667
DecisionTreeClassifier,None,y5,0.9650,0.1515,0.1135,0.1282
LinearDiscriminantAnalysis,None,y5,0.9810,0.1433,0.2894,0.1778
XGBClassifier,None,y5,0.9841,0.1281,0.9031,0.0606
LabelSpreading,None,y5,0.9475,0.1176,0.0587,0.0727
LabelPropagation,None,y5,0.9470,0.1176,0.0581,0.0721
LinearSVC,None,y5,0.9825,0.0896,0.3062,0.1053
CalibratedClassifierCV,None,y5,0.9825,0.0896,0.3062,0.1053
BaggingClassifier,None,y5,0.9825,0.0896,0.3062,0.1053
LGBMClassifier,None,y5,0.9835,0.0781,0.4531,0.0588
PassiveAggressiveClassifier,None,y5,0.9799,0.0744,0.1699,0.0930
ExtraTreeClassifier,None,y5,0.9676,0.0620,0.0577,0.0597
SGDClassifier,None,y5,0.9825,0.0531,0.2281,0.0556
RidgeClassifierCV,None,y5,0.9835,0.0000,0.0000,0.0000
SVC,None,y5,0.9835,0.0000,0.0000,0.0000
BernoulliNB,None,y5,0.9835,0.0000,0.0000,0.0000
AdaBoostClassifier,None,y5,0.9835,0.0000,0.0000,0.0000
LogisticRegression,None,y5,0.9830,0.0000,0.0000,0.0000
RandomForestClassifier,None,y5,0.9830,0.0000,0.0000,0.0000
ExtraTreesClassifier,None,y5,0.9810,0.0000,0.0000,0.0000
DummyClassifier,None,y5,0.9666,0.0000,0.0000,0.0000
KNeighborsClassifier,None,y5,0.9835,0.0000,0.0000,0.0000
RidgeClassifier,None,y5,0.9835,0.0000,0.0000,0.0000
DummyClassifier,over-samplig,y5,0.5057,0.4799,0.0690,0.0342
GaussianNB,over-samplig,y5,0.4300,0.4232,0.0591,0.0264
NearestCentroid,over-samplig,y5,0.7654,0.2552,0.0465,0.0380
BernoulliNB,over-samplig,y5,0.7767,0.2269,0.0422,0.0356
DecisionTreeClassifier,over-samplig,y5,0.9542,0.1187,0.0679,0.0825
Perceptron,over-samplig,y5,0.9789,0.1044,0.1894,0.1277
LabelPropagation,over-samplig,y5,0.9146,0.0865,0.0287,0.0349
LabelSpreading,over-samplig,y5,0.9146,0.0865,0.0287,0.0349
PassiveAggressiveClassifier,over-samplig,y5,0.9038,0.0862,0.0261,0.0311
AdaBoostClassifier,over-samplig,y5,0.9007,0.0862,0.0255,0.0302
CalibratedClassifierCV,over-samplig,y5,0.9820,0.0848,0.2634,0.1026
LogisticRegression,over-samplig,y5,0.9835,0.0781,0.4531,0.0588
QuadraticDiscriminantAnalysis,over-samplig,y5,0.9753,0.0663,0.0963,0.0769
BaggingClassifier,over-samplig,y5,0.9707,0.0631,0.0683,0.0656
LinearSVC,over-samplig,y5,0.9830,0.0615,0.3031,0.0571
LGBMClassifier,over-samplig,y5,0.9815,0.0448,0.1531,0.0526
XGBClassifier,over-samplig,y5,0.9805,0.0406,0.1156,0.0500
ExtraTreeClassifier,over-samplig,y5,0.9552,0.0299,0.0189,0.0225
LinearDiscriminantAnalysis,over-samplig,y5,0.9835,0.0000,0.0000,0.0000
RidgeClassifier,over-samplig,y5,0.9835,0.0000,0.0000,0.0000
RidgeClassifierCV,over-samplig,y5,0.9835,0.0000,0.0000,0.0000
SGDClassifier,over-samplig,y5,0.9830,0.0000,0.0000,0.0000
RandomForestClassifier,over-samplig,y5,0.9799,0.0000,0.0000,0.0000
ExtraTreesClassifier,over-samplig,y5,0.9774,0.0000,0.0000,0.0000
SVC,over-samplig,y5,0.9743,0.0000,0.0000,0.0000
NuSVC,over-samplig,y5,0.9655,0.0000,0.0000,0.0000
KNeighborsClassifier,over-samplig,y5,0.9640,0.0000,0.0000,0.0000
LabelSpreading,under-sampling,y5,0.4064,0.5924,0.0819,0.0351
LabelPropagation,under-sampling,y5,0.4059,0.5924,0.0818,0.0351
QuadraticDiscriminantAnalysis,under-sampling,y5,0.5154,0.5646,0.0814,0.0407
BaggingClassifier,under-sampling,y5,0.4234,0.5643,0.0784,0.0345
DummyClassifier,under-sampling,y5,0.5057,0.4799,0.0690,0.0342
Perceptron,under-sampling,y5,0.6409,0.4523,0.0706,0.0438
LGBMClassifier,under-sampling,y5,0.5195,0.4235,0.0614,0.0311
XGBClassifier,under-sampling,y5,0.5021,0.4234,0.0609,0.0301
DecisionTreeClassifier,under-sampling,y5,0.4995,0.4234,0.0608,0.0299
SVC,under-sampling,y5,0.5910,0.3955,0.0597,0.0340
PassiveAggressiveClassifier,under-sampling,y5,0.5766,0.3955,0.0591,0.0329
ExtraTreeClassifier,under-sampling,y5,0.5257,0.3953,0.0575,0.0295
NuSVC,under-sampling,y5,0.5257,0.3953,0.0575,0.0295
AdaBoostClassifier,under-sampling,y5,0.5185,0.3953,0.0573,0.0290
RandomForestClassifier,under-sampling,y5,0.4820,0.3951,0.0563,0.0271
CalibratedClassifierCV,under-sampling,y5,0.6353,0.3675,0.0573,0.0354
LinearSVC,under-sampling,y5,0.6085,0.3673,0.0561,0.0330
LinearDiscriminantAnalysis,under-sampling,y5,0.6075,0.3673,0.0561,0.0330
RidgeClassifier,under-sampling,y5,0.6055,0.3673,0.0560,0.0328
RidgeClassifierCV,under-sampling,y5,0.6055,0.3673,0.0560,0.0328
LogisticRegression,under-sampling,y5,0.6039,0.3673,0.0559,0.0327
SGDClassifier,under-sampling,y5,0.5278,0.3671,0.0535,0.0275
ExtraTreesClassifier,under-sampling,y5,0.5082,0.3670,0.0529,0.0265
KNeighborsClassifier,under-sampling,y5,0.6034,0.3391,0.0517,0.0302
NearestCentroid,under-sampling,y5,0.5854,0.3390,0.0510,0.0289
BernoulliNB,under-sampling,y5,0.5910,0.3108,0.0470,0.0269
GaussianNB,under-sampling,y5,0.7901,0.2554,0.0487,0.0423
DummyClassifier,over-under-sampling,y5,0.4676,0.4515,0.0639,0.0300
GaussianNB,over-under-sampling,y5,0.4290,0.4232,0.0591,0.0263
NearestCentroid,over-under-sampling,y5,0.7706,0.2269,0.0417,0.0346
BernoulliNB,over-under-sampling,y5,0.7695,0.2269,0.0417,0.0345
AdaBoostClassifier,over-under-sampling,y5,0.9028,0.1436,0.0426,0.0503
LabelSpreading,over-under-sampling,y5,0.8899,0.1432,0.0391,0.0446
LabelPropagation,over-under-sampling,y5,0.8899,0.1432,0.0391,0.0446
LinearSVC,over-under-sampling,y5,0.9841,0.1281,0.9031,0.0606
DecisionTreeClassifier,over-under-sampling,y5,0.9480,0.0884,0.0454,0.0561
PassiveAggressiveClassifier,over-under-sampling,y5,0.8915,0.0860,0.0240,0.0276
CalibratedClassifierCV,over-under-sampling,y5,0.9815,0.0813,0.2313,0.1000
LogisticRegression,over-under-sampling,y5,0.9835,0.0781,0.4531,0.0588
XGBClassifier,over-under-sampling,y5,0.9789,0.0716,0.1447,0.0889
QuadraticDiscriminantAnalysis,over-under-sampling,y5,0.9563,0.0598,0.0378,0.0449
SGDClassifier,over-under-sampling,y5,0.9825,0.0531,0.2281,0.0556
LGBMClassifier,over-under-sampling,y5,0.9784,0.0365,0.0781,0.0455
RandomForestClassifier,over-under-sampling,y5,0.9769,0.0348,0.0631,0.0426
Perceptron,over-under-sampling,y5,0.9763,0.0344,0.0594,0.0417
ExtraTreesClassifier,over-under-sampling,y5,0.9727,0.0325,0.0423,0.0364
BaggingClassifier,over-under-sampling,y5,0.9640,0.0306,0.0256,0.0278
KNeighborsClassifier,over-under-sampling,y5,0.9516,0.0297,0.0172,0.0208
ExtraTreeClassifier,over-under-sampling,y5,0.9321,0.0291,0.0119,0.0149
LinearDiscriminantAnalysis,over-under-sampling,y5,0.9830,0.0000,0.0000,0.0000
RidgeClassifierCV,over-under-sampling,y5,0.9830,0.0000,0.0000,0.0000
RidgeClassifier,over-under-sampling,y5,0.9830,0.0000,0.0000,0.0000
SVC,over-under-sampling,y5,0.9743,0.0000,0.0000,0.0000
NuSVC,over-under-sampling,y5,0.9604,0.0000,0.0000,0.0000
GaussianNB,None,y6,0.0710,0.8049,0.1016,0.0269
QuadraticDiscriminantAnalysis,None,y6,0.3909,0.5801,0.0779,0.0295
NearestCentroid,None,y6,0.6641,0.3230,0.0497,0.0297
LGBMClassifier,None,y6,0.9866,0.1643,0.9071,0.1333
LabelSpreading,None,y6,0.9516,0.1340,0.0629,0.0784
LabelPropagation,None,y6,0.9516,0.1340,0.0629,0.0784
LinearDiscriminantAnalysis,None,y6,0.9820,0.1195,0.2184,0.1463
DecisionTreeClassifier,None,y6,0.9712,0.1053,0.0901,0.0968
LinearSVC,None,y6,0.9846,0.0976,0.3071,0.1176
BaggingClassifier,None,y6,0.9830,0.0865,0.2071,0.1081
SGDClassifier,None,y6,0.9851,0.0655,0.3036,0.0645
CalibratedClassifierCV,None,y6,0.9851,0.0655,0.3036,0.0645
PassiveAggressiveClassifier,None,y6,0.9835,0.0488,0.1536,0.0588
ExtraTreeClassifier,None,y6,0.9707,0.0354,0.0326,0.0339
Perceptron,None,y6,0.9614,0.0342,0.0219,0.0260
LogisticRegression,None,y6,0.9856,0.0000,0.0000,0.0000
BernoulliNB,None,y6,0.9856,0.0000,0.0000,0.0000
RidgeClassifier,None,y6,0.9856,0.0000,0.0000,0.0000
RidgeClassifierCV,None,y6,0.9856,0.0000,0.0000,0.0000
SVC,None,y6,0.9856,0.0000,0.0000,0.0000
AdaBoostClassifier,None,y6,0.9856,0.0000,0.0000,0.0000
XGBClassifier,None,y6,0.9851,0.0000,0.0000,0.0000
RandomForestClassifier,None,y6,0.9846,0.0000,0.0000,0.0000
ExtraTreesClassifier,None,y6,0.9835,0.0000,0.0000,0.0000
DummyClassifier,None,y6,0.9722,0.0000,0.0000,0.0000
KNeighborsClassifier,None,y6,0.9856,0.0000,0.0000,0.0000
DummyClassifier,over-samplig,y6,0.5057,0.4837,0.0676,0.0303
GaussianNB,over-samplig,y6,0.4964,0.3225,0.0450,0.0200
DecisionTreeClassifier,over-samplig,y6,0.9635,0.1701,0.1028,0.1235
LinearSVC,over-samplig,y6,0.9866,0.1643,0.9071,0.1333
BernoulliNB,over-samplig,y6,0.7901,0.1620,0.0294,0.0239
NearestCentroid,over-samplig,y6,0.7659,0.1619,0.0282,0.0215
LabelPropagation,over-samplig,y6,0.9218,0.1316,0.0416,0.0500
LabelSpreading,over-samplig,y6,0.9213,0.1316,0.0414,0.0497
AdaBoostClassifier,over-samplig,y6,0.9172,0.1314,0.0398,0.0473
BaggingClassifier,over-samplig,y6,0.9799,0.1141,0.1695,0.1333
PassiveAggressiveClassifier,over-samplig,y6,0.9198,0.0987,0.0309,0.0370
XGBClassifier,over-samplig,y6,0.9841,0.0929,0.2643,0.1143
CalibratedClassifierCV,over-samplig,y6,0.9830,0.0865,0.2071,0.1081
QuadraticDiscriminantAnalysis,over-samplig,y6,0.9830,0.0865,0.2071,0.1081
SGDClassifier,over-samplig,y6,0.9825,0.0843,0.1871,0.1053
Perceptron,over-samplig,y6,0.9414,0.0665,0.0271,0.0339
LogisticRegression,over-samplig,y6,0.9846,0.0571,0.2286,0.0625
RandomForestClassifier,over-samplig,y6,0.9830,0.0464,0.1321,0.0571
LGBMClassifier,over-samplig,y6,0.9830,0.0464,0.1321,0.0571
ExtraTreeClassifier,over-samplig,y6,0.9624,0.0343,0.0227,0.0267
NuSVC,over-samplig,y6,0.9429,0.0333,0.0142,0.0177
LinearDiscriminantAnalysis,over-samplig,y6,0.9856,0.0000,0.0000,0.0000
RidgeClassifier,over-samplig,y6,0.9856,0.0000,0.0000,0.0000
RidgeClassifierCV,over-samplig,y6,0.9856,0.0000,0.0000,0.0000
ExtraTreesClassifier,over-samplig,y6,0.9810,0.0000,0.0000,0.0000
SVC,over-samplig,y6,0.9763,0.0000,0.0000,0.0000
KNeighborsClassifier,over-samplig,y6,0.9697,0.0000,0.0000,0.0000
QuadraticDiscriminantAnalysis,under-sampling,y6,0.5015,0.6449,0.0898,0.0396
LabelSpreading,under-sampling,y6,0.4244,0.6446,0.0873,0.0345
LabelPropagation,under-sampling,y6,0.4213,0.6446,0.0873,0.0343
SVC,under-sampling,y6,0.5062,0.5159,0.0721,0.0323
XGBClassifier,under-sampling,y6,0.5231,0.4838,0.0681,0.0313
DummyClassifier,under-sampling,y6,0.5057,0.4837,0.0676,0.0303
KNeighborsClassifier,under-sampling,y6,0.5556,0.4516,0.0646,0.0314
PassiveAggressiveClassifier,under-sampling,y6,0.4897,0.4514,0.0627,0.0275
RandomForestClassifier,under-sampling,y6,0.5499,0.4193,0.0598,0.0289
ExtraTreesClassifier,under-sampling,y6,0.5484,0.4193,0.0598,0.0288
NuSVC,under-sampling,y6,0.5319,0.4193,0.0593,0.0278
NearestCentroid,under-sampling,y6,0.5134,0.4192,0.0588,0.0267
BernoulliNB,under-sampling,y6,0.5036,0.4192,0.0586,0.0262
BaggingClassifier,under-sampling,y6,0.4645,0.4191,0.0577,0.0244
LinearDiscriminantAnalysis,under-sampling,y6,0.5586,0.3871,0.0555,0.0272
LinearSVC,under-sampling,y6,0.5550,0.3871,0.0554,0.0270
DecisionTreeClassifier,under-sampling,y6,0.5530,0.3871,0.0553,0.0269
LGBMClassifier,under-sampling,y6,0.5499,0.3871,0.0553,0.0267
LogisticRegression,under-sampling,y6,0.5489,0.3871,0.0552,0.0266
RidgeClassifierCV,under-sampling,y6,0.5437,0.3871,0.0551,0.0263
SGDClassifier,under-sampling,y6,0.5087,0.3870,0.0542,0.0245
CalibratedClassifierCV,under-sampling,y6,0.5854,0.3549,0.0517,0.0266
RidgeClassifier,under-sampling,y6,0.5535,0.3548,0.0508,0.0247
AdaBoostClassifier,under-sampling,y6,0.5417,0.3548,0.0505,0.0241
ExtraTreeClassifier,under-sampling,y6,0.5170,0.3548,0.0499,0.0229
Perceptron,under-sampling,y6,0.6358,0.2906,0.0437,0.0248
GaussianNB,under-sampling,y6,0.8796,0.1630,0.0387,0.0410
DummyClassifier,over-under-sampling,y6,0.4717,0.4514,0.0623,0.0265
GaussianNB,over-under-sampling,y6,0.4949,0.3225,0.0450,0.0200
AdaBoostClassifier,over-under-sampling,y6,0.8889,0.2285,0.0562,0.0609
DecisionTreeClassifier,over-under-sampling,y6,0.9588,0.1688,0.0904,0.1111
LinearSVC,over-under-sampling,y6,0.9866,0.1643,0.9071,0.1333
LabelPropagation,over-under-sampling,y6,0.9043,0.1637,0.0446,0.0510
LabelSpreading,over-under-sampling,y6,0.9043,0.1637,0.0446,0.0510
BernoulliNB,over-under-sampling,y6,0.7706,0.1619,0.0284,0.0219
NearestCentroid,over-under-sampling,y6,0.7608,0.1618,0.0279,0.0211
BaggingClassifier,over-under-sampling,y6,0.9666,0.1034,0.0735,0.0845
QuadraticDiscriminantAnalysis,over-under-sampling,y6,0.9835,0.0893,0.2321,0.1111
CalibratedClassifierCV,over-under-sampling,y6,0.9825,0.0843,0.1871,0.1053
PassiveAggressiveClassifier,over-under-sampling,y6,0.9635,0.0685,0.0454,0.0533
Perceptron,over-under-sampling,y6,0.9630,0.0685,0.0446,0.0526
ExtraTreeClassifier,over-under-sampling,y6,0.9501,0.0670,0.0318,0.0396
LogisticRegression,over-under-sampling,y6,0.9835,0.0488,0.1536,0.0588
LGBMClassifier,over-under-sampling,y6,0.9825,0.0446,0.1161,0.0556
XGBClassifier,over-under-sampling,y6,0.9820,0.0433,0.1036,0.0541
RandomForestClassifier,over-under-sampling,y6,0.9810,0.0412,0.0854,0.0513
SGDClassifier,over-under-sampling,y6,0.9738,0.0361,0.0396,0.0377
KNeighborsClassifier,over-under-sampling,y6,0.9604,0.0341,0.0212,0.0253
NuSVC,over-under-sampling,y6,0.9316,0.0331,0.0120,0.0148
RidgeClassifier,over-under-sampling,y6,0.9846,0.0000,0.0000,0.0000
RidgeClassifierCV,over-under-sampling,y6,0.9846,0.0000,0.0000,0.0000
ExtraTreesClassifier,over-under-sampling,y6,0.9758,0.0000,0.0000,0.0000
SVC,over-under-sampling,y6,0.9753,0.0000,0.0000,0.0000
LinearDiscriminantAnalysis,over-under-sampling,y6,0.9851,0.0000,0.0000,0.0000
